,CAD,CHF,EUR,GBP,JPY(100),BITCOIN,TETHER,USD
2018-02-01,870.1,1149.64,1329.86,1520.71,980.68,9181.1,0.993109,1069.6
2018-02-02,873.26,1156.51,1339.57,1527.55,978.62,8893.2,0.978577,1072.5
2018-02-05,864.82,1154.45,1338.23,1516.53,977.26,6938.5,0.995898,1076.7
2018-02-06,869.51,1168.56,1348.68,1521.91,998.31,7701.2,1.0106600000000001,1089.8
2018-02-07,875.55,1169.37,1354.85,1527.15,997.58,7594.7,0.995519,1094.3
2018-02-09,863.64,1162.3,1332.45,1514.33,1000.78,8699.8,1.0179200000000002,1087.8
2018-02-12,867.81,1162.63,1338.45,1510.11,1004.37,8903.5,1.0066700000000002,1092.7
2018-02-13,861.07,1153.6,1332.26,1499.59,996.64,8539.2,1.00146,1083.4
2018-02-14,859.88,1157.52,1337.2,1503.58,1004.13,9476.3,1.00366,1082.8
2018-02-19,860.31,1164.94,1341.18,1515.75,1016.62,11169.4,1.00329,1079.9
2018-02-20,850.25,1149.69,1325.01,1495.15,1001.74,11238.7,0.999762,1068.0
2018-02-21,846.15,1142.87,1320.27,1497.88,997.39,10473.0,1.0006,1070.3
2018-02-22,846.79,1144.48,1320.2,1495.9,998.0,9841.7,1.00128,1075.3
2018-02-23,852.61,1161.1,1335.81,1511.73,1015.04,10170.4,1.00319,1082.9
2018-02-26,853.21,1151.44,1325.96,1506.77,1008.42,10285.1,1.00504,1078.5
2018-02-27,846.53,1144.43,1321.89,1499.26,1003.22,10594.4,1.0012,1073.7
2018-02-28,838.59,1140.45,1310.42,1489.65,997.25,10333.9,0.998792,1071.0
2018-03-02,843.13,1148.7,1327.38,1489.83,1019.27,10827.7,1.00063,1081.9
2018-03-05,839.1,1154.25,1333.95,1492.03,1023.28,11330.6,0.996547,1081.3
2018-03-06,832.85,1149.53,1333.12,1496.55,1017.52,10675.1,0.997801,1080.5
2018-03-07,832.74,1147.28,1335.7,1495.34,1018.61,9902.9,1.0006899999999999,1075.4
2018-03-08,828.06,1132.76,1326.31,1485.87,1007.3,9300.0,1.00298,1068.7
2018-03-09,828.67,1123.45,1315.68,1475.83,1005.03,9217.0,1.00321,1068.4
2018-03-12,834.63,1124.17,1316.56,1481.48,1000.05,9137.4,1.00929,1069.2
2018-03-13,828.6,1123.09,1312.6,1479.7,1000.52,9154.9,0.999281,1064.3
2018-03-14,822.6,1129.32,1320.9,1488.98,1000.99,8210.6,0.9992190000000001,1065.8
2018-03-15,822.73,1128.19,1318.34,1488.55,1002.78,8264.4,0.995842,1065.8
2018-03-16,816.24,1120.07,1311.57,1485.25,1002.59,8289.2,1.0019,1065.8
2018-03-19,816.83,1122.82,1313.95,1491.45,1009.2,8616.8,0.996524,1069.6
2018-03-20,819.09,1125.92,1321.49,1502.41,1010.14,8912.6,0.998764,1071.2
2018-03-21,819.09,1120.18,1311.49,1499.67,1005.4,8905.9,1.00476,1071.0
2018-03-22,830.57,1129.33,1322.86,1515.12,1011.42,8726.2,1.00076,1071.4
2018-03-23,826.82,1128.56,1317.41,1508.43,1019.6,8916.8,0.9999389999999999,1069.2
2018-03-26,839.26,1141.77,1336.46,1529.66,1031.49,8143.5,1.00064,1080.8
2018-03-27,841.43,1144.07,1346.26,1538.93,1025.47,7801.7,1.00273,1081.2
2018-03-28,832.52,1133.16,1330.33,1519.04,1017.36,7954.9,1.00647,1072.2
2018-03-29,827.71,1117.8,1316.48,1505.88,1001.17,7129.2,1.0017200000000002,1069.4
2018-03-30,827.64,1115.12,1311.95,1496.78,1001.46,6853.7,0.992949,1066.5
2018-04-02,825.85,1115.02,1311.07,1493.62,1000.8,7068.4,1.00329,1064.4
2018-04-03,819.28,1107.96,1301.73,1487.11,999.67,7424.2,0.999559,1058.1
2018-04-04,826.21,1103.08,1298.08,1487.64,992.82,6808.9,1.00064,1057.8
2018-04-05,828.94,1101.55,1299.31,1489.89,990.68,6782.0,1.00017,1057.6
2018-04-06,829.19,1100.61,1297.41,1483.78,989.03,6624.3,1.0,1059.5
2018-04-09,834.47,1111.52,1308.52,1502.05,997.52,6781.9,0.9996149999999999,1066.0
2018-04-10,840.22,1116.57,1315.53,1508.54,1000.33,6854.8,0.997554,1067.5
2018-04-11,847.58,1115.85,1319.57,1513.73,996.17,6962.1,0.998841,1067.7
2018-04-12,848.23,1113.68,1319.08,1512.42,998.27,7926.6,0.995092,1066.4
2018-04-13,848.88,1110.57,1317.49,1521.03,996.5,7887.4,0.9998283640746356,1068.7
2018-04-16,848.77,1110.48,1319.15,1523.52,994.75,8070.0,1.0002910185606737,1070.0
2018-04-17,853.8,1117.99,1328.61,1538.72,1001.63,7908.6,1.0006716144914527,1073.1
2018-04-18,851.11,1104.8,1321.77,1526.96,998.22,8178.4,0.9981573496998144,1068.4
2018-04-19,844.69,1101.41,1320.7,1515.28,994.73,8290.8,0.9998616327779248,1066.5
2018-04-20,839.88,1094.64,1313.05,1497.78,990.32,8867.0,1.0005132586722247,1063.5
2018-04-23,836.34,1094.05,1310.8,1494.91,990.12,8952.8,1.0026592971630954,1067.3
2018-04-24,832.18,1092.78,1304.97,1489.83,983.35,9645.3,1.0013757448293739,1068.9
2018-04-25,839.59,1100.06,1317.64,1505.56,989.52,8873.1,1.0018936953287871,1076.9
2018-04-26,840.37,1097.52,1312.72,1503.22,985.79,9287.0,1.0008864360542655,1078.7
2018-04-27,838.67,1091.43,1306.92,1502.51,987.43,8940.9,1.0004195946359566,1079.7
2018-04-30,837.84,1088.89,1304.46,1482.2,985.94,9245.1,1.0003177691598195,1076.2
2018-05-02,830.97,1071.14,1279.88,1452.71,971.38,9243.2,0.9989892195864865,1067.5
2018-05-03,834.65,1075.6,1284.72,1459.55,978.83,9749.7,0.9990346990554929,1074.9
2018-05-04,837.55,1078.87,1290.35,1460.86,986.3,9708.6,1.0239439329625994,1076.5
2018-05-08,835.75,1073.85,1283.91,1460.06,986.85,9196.4,0.9985963659994862,1076.7
2018-05-09,832.39,1076.32,1279.12,1460.91,988.49,9319.1,0.9989295809834556,1078.2
2018-05-10,841.74,1075.6,1281.99,1465.32,985.46,9025.7,1.0008221982543084,1081.3
2018-05-11,842.22,1072.35,1281.6,1453.75,983.04,8408.3,0.9994011946621236,1075.3
2018-05-14,835.73,1068.28,1276.66,1447.74,977.23,8674.1,1.0008624578925045,1068.6
2018-05-15,833.35,1066.28,1272.61,1446.52,972.07,8477.0,1.0012721829359341,1066.6
2018-05-16,833.18,1071.53,1268.4,1448.22,973.1,8344.4,0.99865001136649,1072.6
2018-05-17,844.02,1078.27,1274.92,1461.53,977.84,8063.0,1.0028015072025431,1078.7
2018-05-18,841.23,1077.74,1273.2,1458.73,974.27,8245.7,1.0014577027182099,1079.3
2018-05-21,838.67,1082.33,1270.89,1455.46,974.33,8403.3,1.0010412980555885,1080.0
2018-05-23,845.79,1092.38,1276.99,1456.25,977.94,7512.3,0.9973855831953938,1083.8
2018-05-24,840.42,1084.93,1262.95,1440.9,980.59,7592.9,1.0006616552183614,1078.8
2018-05-25,838.11,1089.45,1265.25,1444.91,988.19,7477.7,1.0014008480947831,1079.7
2018-05-28,831.4,1086.85,1260.95,1435.59,983.81,7119.3,0.9996686748522018,1078.7
2018-05-29,825.86,1080.06,1248.02,1428.64,980.49,7467.7,1.0041811332304318,1073.2
2018-05-30,826.53,1085.93,1242.2,1426.85,991.39,7400.1,0.999167831122068,1076.1
2018-05-31,838.8,1093.11,1261.34,1436.51,993.98,7502.6,0.9978797942359612,1081.3
2018-06-01,831.45,1093.4,1259.28,1430.97,989.61,7530.8,1.000784521551417,1076.4
2018-06-04,830.28,1088.46,1255.15,1436.89,982.51,7504.3,1.0013862163024,1076.0
2018-06-05,828.36,1083.58,1252.42,1425.85,974.21,7631.5,1.0029627177435758,1070.9
2018-06-07,826.33,1084.46,1260.04,1435.19,970.91,7697.8,0.9981728944421716,1069.6
2018-06-08,823.11,1089.03,1259.8,1433.34,973.78,7622.1,0.999269500127054,1067.9
2018-06-11,827.48,1089.76,1263.69,1439.27,980.81,6885.9,1.0027009440251886,1073.2
2018-06-12,826.82,1088.8,1264.31,1436.34,974.18,6558.2,1.0016316268669698,1073.5
2018-06-14,828.79,1091.69,1268.35,1438.65,975.32,6647.1,1.0013850423535695,1075.1
2018-06-15,826.21,1086.14,1253.59,1436.42,978.53,6410.3,1.0015814519805015,1082.5
2018-06-18,826.88,1093.81,1265.64,1448.72,986.84,6719.8,1.0001464213345308,1091.4
2018-06-19,836.67,1109.67,1283.64,1463.16,999.23,6752.4,1.0001249436395556,1104.4
2018-06-20,832.3,1112.06,1281.22,1456.22,1004.68,6765.4,1.0008279860339544,1105.5
2018-06-21,832.64,1112.28,1282.73,1459.85,1003.67,6728.0,0.9986637338041118,1108.0
2018-06-22,832.83,1118.45,1287.27,1469.15,1008.78,6055.7,1.0001956391511149,1109.0
2018-06-25,835.55,1122.71,1293.98,1471.45,1009.24,6256.6,1.002559811458834,1108.9
2018-06-26,839.65,1130.86,1306.34,1482.35,1017.74,6082.1,1.0004024678550811,1116.1
2018-06-27,838.37,1125.44,1299.38,1474.8,1013.22,6154.9,1.0015085546053313,1115.2
2018-06-28,838.38,1121.26,1292.24,1466.57,1013.97,5883.5,1.0013577191657372,1117.9
2018-06-29,846.12,1124.29,1297.02,1466.85,1014.79,6213.3,0.999485652713152,1121.7
2018-07-02,850.03,1128.09,1304.89,1475.54,1009.26,6619.5,0.998825215275785,1117.2
2018-07-03,847.54,1124.71,1300.82,1468.32,1008.26,6513.5,1.0000010612585055,1117.4
2018-07-04,852.97,1130.03,1307.03,1478.84,1014.34,6598.4,1.0005313991109133,1121.1
2018-07-05,848.78,1123.61,1300.11,1475.54,1009.55,6546.5,1.0046611535347438,1115.3
2018-07-06,851.56,1125.83,1307.47,1478.69,1010.85,6617.7,1.0032858911572344,1118.4
2018-07-09,853.51,1129.66,1313.08,1485.84,1012.22,6667.1,1.0040334797148331,1117.8
2018-07-10,848.21,1121.84,1306.95,1473.8,1003.2,6307.2,1.005683510656861,1112.3
2018-07-11,847.8,1122.33,1307.16,1477.34,1004.28,6389.1,1.0088041069770821,1113.8
2018-07-12,848.64,1125.3,1308.2,1480.18,1001.16,6250.6,1.0906624398505471,1120.8
2018-07-13,856.37,1124.43,1314.96,1485.71,1001.55,6230.2,1.010523218760076,1127.8
2018-07-16,853.78,1120.88,1312.13,1486.15,999.07,6729.9,1.134961877555378,1123.4
2018-07-17,859.24,1131.98,1321.59,1493.95,1004.63,7322.0,1.1829578820955602,1128.7
2018-07-18,852.49,1124.69,1311.31,1474.63,995.84,7383.6,1.1398135580296116,1125.2
2018-07-19,857.31,1130.14,1314.38,1476.09,1000.31,7477.5,1.0690635179225323,1128.9
2018-07-20,852.87,1131.94,1317.23,1472.31,1005.91,7339.4,1.1288588131084691,1131.2
2018-07-23,865.07,1144.76,1332.48,1491.58,1019.91,7723.0,1.2573620835712582,1134.8
2018-07-24,856.74,1136.34,1319.22,1478.62,1012.79,8407.0,1.3230953058056187,1128.5
2018-07-25,862.97,1142.28,1326.48,1492.62,1020.63,8173.7,0.9966418815303782,1135.2
2018-07-26,864.78,1137.68,1322.73,1487.68,1016.73,7937.0,0.9963116900401551,1127.5
2018-07-27,856.36,1126.02,1303.1,1467.24,1006.52,8187.4,0.9987306856355108,1119.6
2018-07-30,857.42,1126.76,1305.92,1468.32,1009.46,8177.1,0.9969980745654694,1120.0
2018-07-31,857.12,1130.09,1307.43,1466.9,1005.95,7729.4,0.9971535947443791,1116.7
2018-08-01,858.77,1128.79,1306.71,1466.46,1000.22,7606.4,0.996511571975064,1117.9
2018-08-02,861.17,1128.61,1305.5,1469.31,1002.51,7535.6,1.0000444530146089,1119.3
2018-08-03,862.28,1127.84,1301.04,1461.4,1005.6,7419.0,0.9978966664958394,1122.6
2018-08-06,866.97,1134.4,1304.76,1467.09,1014.16,6943.6,0.9507164861273689,1128.1
2018-08-07,864.13,1127.79,1298.65,1454.48,1009.07,6724.9,1.078959814899178,1123.5
2018-08-08,861.94,1130.85,1305.7,1456.77,1010.82,6283.6,0.9813234556501352,1125.7
2018-08-09,859.46,1126.63,1299.09,1441.46,1008.84,6538.8,1.1122108742547594,1118.8
2018-08-10,856.6,1124.31,1287.6,1433.32,1005.62,6152.3,0.9979278032834108,1117.9
2018-08-13,857.09,1133.33,1284.26,1438.34,1018.22,6255.3,0.9742569347564078,1126.3
2018-08-14,863.64,1141.35,1293.04,1447.11,1024.3,6190.2,0.9890205954407734,1133.7
2018-08-16,861.4,1139.51,1284.25,1437.26,1023.41,6306.7,1.0000759377722463,1132.1
2018-08-17,859.29,1133.93,1285.89,1437.35,1019.02,6581.7,0.9868326443137994,1130.7
2018-08-20,861.84,1130.86,1287.35,1434.8,1018.5,6268.1,1.0003604972572533,1125.6
2018-08-21,860.3,1132.34,1289.06,1435.44,1020.14,6482.2,1.0017850614180557,1121.7
2018-08-22,857.52,1135.75,1294.32,1442.93,1015.58,6359.6,1.0022845116819183,1118.2
2018-08-23,861.0,1138.34,1297.3,1444.86,1011.94,6521.2,0.9999428969328548,1118.7
2018-08-24,856.13,1136.25,1293.52,1435.97,1006.51,6680.4,1.0032344521602297,1120.8
2018-08-27,861.83,1141.32,1304.88,1441.79,1008.22,6897.6,0.9981899575637198,1121.8
2018-08-28,859.67,1137.27,1301.56,1436.5,1002.47,7074.6,1.0049770910822666,1114.3
2018-08-29,858.54,1136.6,1298.09,1428.74,998.47,7029.1,1.0044181368049123,1110.0
2018-08-30,858.74,1142.33,1298.02,1444.16,992.35,6993.7,1.003258736993496,1108.8
2018-08-31,854.01,1144.45,1293.19,1442.38,998.65,7033.8,0.9997843215537942,1108.8
2018-09-03,852.35,1148.32,1291.09,1439.27,1001.75,7264.2,1.0001495128293068,1113.3
2018-09-04,850.65,1148.94,1293.5,1433.13,1002.39,7377.5,0.997555937657755,1113.5
2018-09-05,845.56,1143.83,1290.63,1432.53,999.46,6706.8,0.998959522651822,1114.2
2018-09-06,848.34,1150.39,1300.05,1442.99,1002.42,6514.0,0.9927298764326596,1117.6
2018-09-07,852.46,1161.62,1303.34,1449.6,1013.15,6390.9,0.99971956288516,1121.2
2018-09-10,852.48,1159.21,1297.85,1451.66,1012.03,6321.0,1.0019226771600194,1123.1
2018-09-11,857.35,1157.44,1307.41,1469.8,1014.98,6293.9,0.9987512506699776,1128.1
2018-09-12,863.51,1158.54,1307.43,1467.26,1009.54,6338.0,0.9996731784805308,1126.8
2018-09-13,867.12,1161.87,1310.99,1470.73,1013.39,6482.9,0.9994016798600666,1127.3
2018-09-14,862.53,1160.54,1310.74,1469.73,1000.94,6483.7,0.9993476701112308,1121.2
2018-09-17,858.18,1157.15,1301.07,1463.41,999.42,6251.9,1.0013383499467152,1119.2
2018-09-18,862.69,1170.02,1314.61,1481.29,1008.15,6342.0,1.000104078076608,1126.2
2018-09-19,868.32,1168.48,1315.18,1482.89,1002.49,6390.4,0.9992801326335784,1126.3
2018-09-20,869.06,1160.78,1310.82,1475.85,1000.04,6489.2,1.0005638252522986,1123.0
2018-09-21,868.07,1167.9,1319.24,1486.56,995.73,6766.7,1.001529270525077,1119.9
2018-09-27,856.49,1156.62,1312.01,1470.62,990.2,6689.2,1.0003591967531758,1116.6
2018-09-28,853.49,1138.84,1294.57,1454.74,981.17,6636.0,1.001127280540107,1112.7
2018-10-01,864.74,1131.18,1288.39,1447.2,975.79,6608.2,0.999919351368124,1110.2
2018-10-02,867.28,1129.08,1286.03,1449.0,974.43,6549.9,0.9990141419784628,1110.9
2018-10-04,867.44,1126.03,1282.02,1445.4,975.15,6584.2,0.9994139264603008,1116.4
2018-10-05,873.2,1137.92,1299.52,1469.39,990.87,6639.1,1.0000079556124415,1128.3
2018-10-08,873.46,1140.28,1303.13,1484.16,994.33,6669.6,0.999782372822201,1130.7
2018-10-10,874.41,1140.77,1300.95,1487.45,1001.24,6618.0,0.9974842371813536,1131.7
2018-10-11,867.95,1144.86,1306.17,1495.47,1008.86,6239.1,0.995281564955,1132.5
2018-10-12,877.23,1154.16,1324.39,1511.87,1018.91,6291.3,0.9986056931211404,1142.5
2018-10-15,870.36,1143.42,1309.13,1485.13,1010.21,6699.8,0.9960227568625548,1133.3
2018-10-16,872.72,1148.27,1312.87,1491.04,1013.82,6705.3,0.9855572887575764,1133.4
2018-10-17,872.03,1139.03,1305.89,1487.51,1004.59,6686.6,0.9825140189038144,1128.1
2018-10-18,863.72,1129.74,1293.92,1473.69,998.89,6574.1,0.9886988229992332,1125.0
2018-10-19,865.9,1137.32,1297.56,1474.48,1009.4,6512.0,0.9876486143829238,1132.6
2018-10-22,865.25,1138.23,1305.86,1482.02,1008.67,6555.8,0.9929724619922892,1134.3
2018-10-23,863.25,1134.99,1296.63,1466.49,1002.35,6528.7,0.9940662171492828,1130.9
2018-10-24,868.15,1141.91,1302.93,1474.72,1010.32,6530.7,0.9904537116835976,1135.8
2018-10-25,868.02,1135.38,1290.54,1458.95,1009.95,6507.0,0.9916839064637224,1132.2
2018-10-26,871.05,1138.61,1294.99,1459.78,1013.13,6510.0,0.9913896864534956,1138.5
2018-10-29,871.39,1143.63,1300.57,1463.96,1019.21,6335.0,0.9966332386186988,1140.6
2018-10-30,867.08,1136.61,1295.1,1457.69,1013.26,6325.7,0.9942102884098044,1138.6
2018-10-31,869.56,1134.64,1294.01,1449.36,1008.89,6365.9,0.9983033404929608,1140.6
2018-11-01,865.82,1129.93,1289.4,1455.04,1009.08,6400.5,0.9986411344123484,1139.2
2018-11-02,870.38,1135.96,1298.97,1480.44,1010.96,6424.7,0.9973784233296816,1138.8
2018-11-05,859.16,1122.25,1282.79,1464.16,994.57,6459.7,0.9755415539151696,1125.5
2018-11-06,856.37,1117.45,1280.78,1466.7,991.57,6502.8,0.9941087954921588,1122.7
2018-11-07,855.27,1118.81,1282.06,1470.92,989.38,6565.3,0.9953052425146126,1122.5
2018-11-08,854.57,1118.72,1281.24,1471.8,987.36,6474.0,0.9987054009559994,1120.9
2018-11-09,850.95,1111.9,1271.06,1461.3,980.75,6412.0,0.99918036513632,1118.4
2018-11-12,852.45,1118.93,1274.69,1455.7,988.54,6435.0,0.9961601294989798,1125.7
2018-11-13,854.82,1120.35,1270.61,1454.96,994.68,6429.2,0.9925010408683572,1132.0
2018-11-14,858.69,1128.37,1284.59,1479.59,998.15,5842.4,0.9899009839748886,1135.7
2018-11-15,855.29,1125.53,1281.37,1471.67,996.74,5718.9,0.9823725338843172,1132.4
2018-11-16,857.62,1122.5,1279.78,1442.83,995.25,5636.2,0.98895001227115,1130.3
2018-11-19,858.33,1129.15,1288.47,1448.63,1001.02,4883.8,0.9951651481515498,1128.7
2018-11-20,855.94,1135.18,1291.32,1449.78,1002.31,4524.6,0.9872666872509002,1127.4
2018-11-21,847.27,1133.22,1282.14,1442.81,1000.4,4638.7,0.9820576548052512,1127.5
2018-11-22,854.84,1137.67,1287.87,1445.24,1000.49,4356.0,0.9910842589300816,1131.3
2018-11-23,856.15,1134.79,1287.34,1453.64,999.34,4398.0,0.9868747257354216,1129.0
2018-11-26,854.95,1133.5,1281.48,1449.3,1001.11,3837.0,0.9912474842534664,1130.5
2018-11-27,852.63,1131.6,1280.12,1447.29,994.94,3866.5,0.9893435955531202,1129.9
2018-11-28,849.65,1130.38,1276.56,1439.63,993.06,4265.4,0.9894601770068708,1129.7
2018-11-29,850.56,1136.34,1283.39,1448.21,993.79,4296.5,0.9955385309092022,1128.9
2018-11-30,844.63,1126.02,1277.67,1434.0,988.98,4039.7,0.9984371600024412,1121.8
2018-12-03,844.71,1121.2,1269.36,1427.15,984.4,3897.8,0.993234116367476,1120.3
2018-12-04,843.84,1115.93,1264.72,1417.46,980.33,3958.5,0.9976507911848164,1113.7
2018-12-05,836.8,1112.53,1258.79,1411.22,984.65,3771.6,0.9974933638290748,1109.8
2018-12-06,833.47,1116.17,1263.77,1418.34,984.4,3508.6,0.9902045278124292,1113.6
2018-12-07,834.77,1125.85,1271.78,1428.88,991.97,3422.2,0.9844646703011098,1117.8
2018-12-10,838.99,1129.61,1274.92,1421.9,993.78,3460.5,0.989259841912873,1118.2
2018-12-11,839.77,1136.06,1277.04,1412.9,993.16,3407.7,0.9987868552896164,1124.7
2018-12-12,843.97,1137.19,1278.71,1410.73,995.99,3466.1,0.9992855809278396,1129.4
2018-12-13,844.52,1135.78,1282.53,1425.17,995.98,3315.3,0.9986230605982672,1127.6
2018-12-14,842.01,1130.78,1276.7,1422.25,989.44,3247.8,0.9963063738377456,1124.0
2018-12-17,843.76,1131.69,1276.79,1421.15,996.34,3526.1,0.99239844136388,1129.2
2018-12-18,843.69,1139.69,1284.25,1427.57,1003.15,3668.0,1.0101415781175165,1131.6
2018-12-19,839.48,1138.73,1285.09,1429.61,1004.94,3687.1,1.0154860297974548,1129.9
2018-12-20,834.67,1131.78,1281.1,1420.1,1001.11,4076.0,1.0044968438283606,1125.1
2018-12-21,836.28,1143.77,1293.1,1430.15,1015.02,3850.9,1.0039941351560508,1128.9
2018-12-24,826.52,1130.68,1277.87,1420.72,1011.84,4026.1,1.0050907893290808,1123.9
2018-12-26,827.41,1141.99,1284.25,1427.48,1021.42,3793.7,1.003160095741516,1125.2
2018-12-27,829.42,1130.8,1278.29,1422.93,1012.23,3586.9,1.0041888295916412,1125.6
2018-12-28,823.3,1135.15,1281.81,1417.88,1010.95,3861.6,0.9960712758722144,1121.3
2018-12-31,820.35,1136.22,1279.16,1420.32,1013.18,3709.4,1.0060620406920209,1118.1
2019-01-02,820.53,1139.06,1281.96,1425.41,1019.47,3873.8,1.0119672657709906,1118.1
2019-01-03,821.13,1134.03,1270.51,1402.89,1044.87,3780.1,1.0116461965408867,1119.0
2019-01-04,836.67,1142.35,1284.62,1424.88,1046.36,3802.7,1.002461265210205,1127.5
2019-01-07,841.24,1140.48,1283.85,1432.55,1038.34,3985.9,1.009559070643982,1125.2
2019-01-08,841.23,1141.34,1283.3,1429.2,1028.85,3971.0,1.0069747822706496,1118.0
2019-01-09,845.26,1142.73,1284.18,1427.59,1031.31,3978.0,1.0049824348012364,1121.7
2019-01-10,849.18,1151.54,1295.34,1435.42,1036.89,3603.7,1.0046333238821308,1121.6
2019-01-11,845.35,1136.86,1286.9,1426.37,1031.96,3616.5,1.0057572909707329,1118.9
2019-01-14,842.58,1136.06,1281.61,1437.35,1030.28,3638.1,1.0053734859966197,1117.6
2019-01-15,844.52,1143.0,1286.41,1443.13,1036.75,3571.3,1.005038717582747,1121.4
2019-01-16,844.15,1133.76,1277.92,1440.62,1030.97,3588.0,1.0037137784820185,1120.1
2019-01-17,846.25,1133.16,1278.74,1445.19,1028.65,3626.4,1.0023240929023052,1122.0
2019-01-18,844.43,1127.94,1277.16,1456.31,1027.35,3605.6,1.0022312377540448,1121.4
2019-01-21,845.12,1126.82,1274.53,1442.94,1021.87,3536.7,1.00107346688044,1121.3
2019-01-22,847.09,1129.21,1280.72,1452.68,1027.36,3580.1,1.0017200619285942,1126.5
2019-01-23,846.34,1133.54,1284.3,1464.85,1033.66,3561.5,1.0012431247157894,1130.2
2019-01-24,845.51,1134.21,1284.4,1475.52,1029.71,3574.3,1.000607327422195,1128.2
2019-01-25,844.44,1131.17,1274.92,1473.79,1029.81,3572.0,0.9998490531139028,1128.0
2019-01-28,851.51,1133.09,1283.91,1486.2,1026.97,3442.8,1.0018475261478366,1125.1
2019-01-29,842.15,1125.91,1276.56,1469.0,1022.19,3414.8,0.9997779096563684,1116.9
2019-01-30,842.51,1124.17,1278.49,1462.53,1021.8,3460.0,0.9998652924408566,1118.1
2019-01-31,849.84,1123.89,1283.05,1465.49,1024.81,3437.2,0.9993943084924772,1117.2
2019-02-01,847.06,1118.2,1272.5,1457.09,1021.36,3467.9,0.9998446105845996,1111.6
2019-02-07,844.88,1114.24,1269.52,1444.41,1015.97,3397.7,0.9997041743489624,1116.8
2019-02-08,844.09,1120.6,1274.05,1454.63,1023.09,3661.7,0.999281449952631,1123.4
2019-02-11,846.92,1124.84,1272.88,1454.43,1023.9,3631.8,1.0033103633961955,1124.5
2019-02-12,845.49,1119.91,1267.99,1445.77,1018.25,3632.0,0.9999820899194732,1124.5
2019-02-13,850.04,1117.73,1274.57,1450.23,1018.15,3611.5,1.0004222361574286,1124.6
2019-02-14,845.86,1111.36,1262.98,1441.44,1010.77,3592.6,1.0006114880464378,1121.7
2019-02-15,846.15,1119.35,1270.97,1439.66,1018.05,3604.7,1.000132803438673,1125.0
2019-02-18,850.93,1122.42,1273.29,1454.79,1020.31,3896.0,0.9982918364733804,1127.7
2019-02-19,849.86,1119.55,1271.98,1453.79,1016.95,3914.3,0.998388592890338,1124.7
2019-02-20,853.2,1126.09,1278.36,1472.74,1019.72,3972.4,0.9997565742159784,1127.5
2019-02-21,852.0,1121.7,1273.53,1464.6,1012.95,3936.6,1.0006964341895654,1122.6
2019-02-22,849.69,1123.05,1274.45,1465.66,1015.95,3965.2,1.0003054375299134,1124.4
2019-02-25,857.15,1125.14,1276.21,1470.56,1016.2,3833.7,0.9985720822206781,1125.7
2019-02-26,849.83,1120.3,1273.28,1470.32,1009.23,3810.3,0.997661516195682,1120.8
2019-02-27,849.42,1118.41,1273.91,1482.59,1011.62,3814.6,0.9997610834736934,1118.3
2019-02-28,850.13,1116.91,1271.5,1488.52,1007.62,3816.6,1.0001127177482183,1117.8
2019-03-04,843.46,1121.64,1274.17,1481.74,1000.49,3715.9,1.000274767591376,1119.9
2019-03-05,845.29,1125.9,1275.47,1482.58,1006.85,3857.2,0.99995706184975,1125.0
2019-03-06,842.82,1119.86,1272.55,1481.27,1006.21,3863.0,1.0009244690504664,1125.8
2019-03-07,839.04,1122.19,1275.49,1485.43,1009.53,3875.1,1.0002692652444765,1127.8
2019-03-08,838.85,1116.08,1263.13,1476.15,1011.16,3865.9,0.9996801577623934,1128.3
2019-03-11,845.2,1125.11,1274.22,1472.78,1020.38,3870.3,1.0007566999690285,1134.0
2019-03-12,847.05,1123.6,1278.24,1503.16,1019.45,3886.0,0.9982137204152822,1134.5
2019-03-13,845.34,1120.24,1274.25,1475.94,1014.33,3865.1,1.000427870045254,1128.7
2019-03-14,851.33,1128.12,1282.95,1505.86,1017.4,3879.0,0.9987917450150228,1131.5
2019-03-15,849.74,1128.36,1280.63,1500.83,1013.96,3924.3,1.0003697624479742,1132.7
2019-03-18,851.43,1133.72,1286.41,1510.22,1018.88,3990.2,0.999075218836912,1136.1
2019-03-19,849.79,1132.23,1285.22,1501.98,1017.82,4017.0,1.0005899852661844,1133.7
2019-03-20,848.67,1132.2,1284.08,1500.65,1015.49,4041.2,0.9998836369376256,1130.9
2019-03-21,850.4,1140.49,1291.54,1492.01,1021.37,3982.2,1.000373926499829,1130.4
2019-03-22,842.35,1135.05,1280.6,1477.05,1016.39,3990.4,0.9996892974922392,1125.8
2019-03-25,841.5,1136.68,1276.17,1492.8,1026.58,3937.0,0.9997502515350482,1129.8
2019-03-26,846.75,1143.88,1284.08,1499.26,1031.31,3942.8,0.9967477611457216,1134.9
2019-03-27,846.18,1139.05,1276.33,1495.67,1024.29,4041.7,1.001001827672302,1132.1
2019-03-28,846.13,1140.86,1276.48,1493.27,1026.92,4025.6,0.9984412821628396,1134.7
2019-03-29,846.92,1143.63,1277.46,1485.45,1028.24,4102.2,1.0003007852184858,1137.8
2019-04-01,851.04,1141.58,1274.99,1479.37,1024.11,4145.1,0.9993801260907592,1136.1
2019-04-02,850.85,1133.83,1269.3,1481.06,1016.7,4859.3,1.0000146157155552,1132.7
2019-04-03,851.3,1137.96,1272.61,1491.19,1020.26,4968.7,1.00316481377774,1135.8
2019-04-04,850.65,1137.74,1276.2,1495.46,1018.26,4902.4,1.003109968437755,1134.9
2019-04-05,849.45,1135.61,1274.31,1484.44,1017.06,5010.2,1.0011671159185966,1135.5
2019-04-08,849.74,1136.57,1274.87,1481.58,1017.5,5245.2,1.0033056807045502,1136.4
2019-04-09,857.45,1142.37,1284.93,1490.95,1024.09,5158.4,1.003953076887487,1141.4
2019-04-10,857.41,1143.31,1287.42,1491.98,1028.21,5307.8,1.0033883223150384,1142.8
2019-04-11,856.92,1138.64,1286.87,1493.77,1028.71,5022.6,1.0011428213193645,1141.2
2019-04-12,851.87,1135.96,1282.74,1487.45,1020.56,5054.2,1.0022532735289993,1139.2
2019-04-15,855.3,1137.71,1289.16,1491.77,1018.17,5032.3,1.005068794956038,1140.5
2019-04-16,847.87,1129.38,1281.7,1485.35,1012.55,5180.9,1.0009390274419792,1133.9
2019-04-17,849.82,1127.02,1281.3,1481.29,1013.97,5208.3,1.0041212294923496,1135.7
2019-04-18,851.07,1124.24,1283.62,1481.3,1013.97,5264.7,1.0032933440348484,1136.1
2019-04-19,849.21,1119.3,1276.8,1475.98,1014.74,5241.0,1.0029528786570192,1136.2
2019-04-22,849.76,1120.85,1278.44,1477.72,1016.04,5346.7,1.0083083136505402,1137.1
2019-04-23,855.11,1123.39,1284.6,1480.93,1019.07,5511.6,1.0035225113161526,1140.8
2019-04-24,849.79,1118.51,1280.6,1476.18,1020.07,5415.6,1.0058165551487162,1141.1
2019-04-25,849.87,1124.08,1279.42,1480.07,1022.6,5209.1,1.006908134866511,1146.9
2019-04-26,859.6,1135.92,1290.44,1494.67,1038.77,5298.3,0.9956887758490424,1158.7
2019-04-29,861.56,1137.69,1293.18,1498.51,1039.16,5235.0,0.9909158442614951,1159.7
2019-04-30,860.96,1136.21,1295.33,1497.73,1037.02,5320.8,0.9932583343335062,1158.2
2019-05-02,865.99,1144.12,1303.75,1519.4,1044.38,5493.8,0.995451299274628,1163.8
2019-05-03,864.13,1141.86,1300.66,1516.97,1043.72,5766.8,0.9918056332839532,1163.9
2019-05-07,869.47,1149.46,1309.96,1531.5,1055.84,5849.5,0.9942894373082088,1169.4
2019-05-08,868.61,1147.26,1309.3,1528.87,1061.09,5990.3,0.9930573610820042,1169.8
2019-05-09,868.59,1146.45,1310.0,1522.33,1063.01,6191.5,0.9967977598103162,1169.9
2019-05-10,872.81,1158.08,1319.13,1529.54,1071.39,6386.0,0.9983029391233108,1175.8
2019-05-13,877.18,1165.4,1323.65,1532.35,1073.29,7806.0,0.9989871265109902,1178.1
2019-05-14,877.44,1176.75,1328.8,1532.53,1083.08,7994.6,0.9981838216355852,1183.1
2019-05-15,881.84,1176.82,1330.33,1532.36,1082.58,8164.6,0.9985478414552768,1187.0
2019-05-16,884.94,1179.67,1332.9,1527.84,1085.96,7871.8,1.0010945817283077,1189.4
2019-05-17,883.85,1177.96,1329.42,1522.53,1083.06,7359.5,1.0008383726629908,1189.8
2019-05-20,886.4,1180.31,1331.23,1517.89,1083.63,7965.3,1.0021733576490424,1192.7
2019-05-21,888.4,1182.85,1332.23,1518.2,1083.91,7930.3,1.004288664133948,1192.9
2019-05-22,890.29,1180.37,1332.2,1515.97,1079.27,7635.7,1.0024210444816752,1193.3
2019-05-23,889.37,1183.83,1332.76,1512.96,1083.29,7852.1,1.0005703244866002,1194.6
2019-05-24,884.27,1187.52,1332.12,1508.36,1087.41,7970.1,1.001482984478678,1191.2
2019-05-27,885.35,1187.4,1333.48,1513.83,1087.63,8760.1,1.007065365621152,1189.6
2019-05-28,880.96,1179.44,1325.3,1501.62,1080.97,8716.3,1.0021967278436454,1184.1
2019-05-30,882.89,1183.34,1328.7,1506.71,1088.59,8271.9,1.001698950541208,1193.1
2019-05-31,881.84,1180.85,1324.83,1500.77,1085.82,8558.3,1.0017996758629135,1190.0
2019-06-03,880.77,1191.44,1330.87,1505.14,1100.36,8124.8,1.0008760080575725,1191.2
2019-06-04,880.04,1192.06,1330.46,1498.45,1095.62,7685.5,0.9996607419721952,1183.0
2019-06-05,882.31,1190.67,1329.72,1500.56,1091.81,7779.1,1.0004264993875247,1181.5
2019-06-07,883.22,1190.27,1330.7,1497.87,1087.87,7985.2,1.0048339481033963,1179.8
2019-06-10,888.95,1191.35,1334.9,1500.56,1087.55,7987.8,1.0030709254216224,1179.5
2019-06-11,892.51,1196.26,1339.64,1502.32,1092.1,7888.0,1.0057714388687835,1184.0
2019-06-12,889.7,1190.69,1338.63,1503.48,1088.67,8133.1,1.0014007149552329,1181.7
2019-06-13,885.96,1187.52,1334.49,1499.87,1089.38,8219.0,1.0036901571403058,1181.7
2019-06-14,889.05,1192.33,1336.16,1502.14,1093.45,8656.1,1.002651733777907,1184.7
2019-06-17,883.02,1185.78,1327.92,1491.07,1090.79,9318.8,0.9997226604448464,1184.0
2019-06-18,884.64,1187.84,1331.21,1487.32,1092.81,9080.6,1.0022530017986808,1186.3
2019-06-19,885.88,1184.47,1326.67,1488.3,1092.12,9255.4,1.0039417152241432,1185.0
2019-06-20,886.83,1185.3,1322.65,1489.08,1089.16,9517.0,1.0032604604341104,1177.0
2019-06-21,885.16,1189.71,1318.51,1483.45,1087.9,10179.3,1.0027783855562322,1167.7
2019-06-24,879.44,1190.21,1321.43,1480.56,1082.19,11046.4,0.9979200685397536,1162.0
2019-06-25,878.36,1191.07,1319.95,1475.05,1078.97,11809.9,1.0013962873147635,1157.9
2019-06-26,876.33,1184.49,1312.78,1465.26,1077.35,13063.8,1.0015622108840507,1154.7
2019-06-27,882.47,1184.92,1317.28,1470.28,1075.0,11287.8,0.9954750446328436,1158.2
2019-06-28,883.09,1184.09,1315.11,1465.84,1073.35,12409.1,0.9972794686054652,1156.8
2019-07-01,883.69,1180.84,1314.65,1468.57,1066.74,10616.6,0.9985223360393336,1156.4
2019-07-02,879.8,1170.56,1304.16,1461.18,1066.8,10835.9,1.0009797019207418,1155.4
2019-07-03,888.92,1181.94,1315.0,1467.24,1079.97,11900.8,1.0025738729223928,1164.8
2019-07-04,896.41,1186.84,1321.09,1472.42,1085.87,11163.1,1.0039097082379145,1170.4
2019-07-05,896.01,1187.13,1319.62,1471.03,1084.6,10970.2,1.0045607909882586,1169.2
2019-07-08,895.21,1180.67,1314.18,1465.98,1078.56,12252.6,1.004528554791548,1170.4
2019-07-09,899.62,1185.38,1321.75,1475.36,1083.63,12541.5,1.0031117022196738,1178.5
2019-07-10,898.8,1187.32,1322.14,1470.27,1083.52,12110.6,1.001933505842751,1179.9
2019-07-11,903.66,1195.2,1329.96,1477.87,1090.41,11342.3,1.003311667948729,1181.4
2019-07-12,898.5,1185.66,1321.29,1470.48,1081.99,11762.1,1.0038468242204404,1173.8
2019-07-15,903.53,1195.53,1326.93,1480.04,1091.15,10845.9,1.0026733396118557,1177.3
2019-07-16,904.05,1198.13,1327.96,1476.24,1093.42,9424.8,1.0026210620814744,1179.2
2019-07-17,900.58,1192.81,1321.16,1462.46,1088.63,9723.2,1.0034744891754914,1178.5
2019-07-18,904.45,1195.77,1325.29,1467.65,1093.32,10651.4,1.001095465707545,1180.4
2019-07-19,904.87,1199.78,1327.59,1478.68,1097.77,10571.5,1.0010793356239946,1179.5
2019-07-22,898.68,1194.42,1316.32,1467.57,1088.65,10412.5,1.0007647387441505,1173.4
2019-07-23,897.25,1198.7,1319.91,1469.06,1091.33,9888.7,1.0002986564968277,1177.6
2019-07-24,896.84,1196.28,1314.03,1465.52,1089.04,9804.3,1.0016984686999653,1178.4
2019-07-25,896.58,1196.57,1312.63,1470.57,1089.06,9945.3,0.9986840382163296,1178.2
2019-07-26,896.37,1190.63,1315.01,1469.15,1085.72,9831.0,0.9987161199043384,1179.8
2019-07-29,899.37,1192.49,1318.31,1466.1,1090.07,9580.9,1.0000911642446204,1184.2
2019-07-30,899.24,1193.24,1318.84,1446.41,1087.23,9580.7,0.9988206593127504,1183.4
2019-07-31,898.89,1193.88,1318.82,1437.37,1088.45,10082.0,0.9996625262131258,1182.0
2019-08-01,895.99,1189.27,1309.19,1436.3,1086.45,10380.0,1.0032286226502092,1181.9
2019-08-02,899.7,1200.08,1316.8,1440.82,1106.04,10520.1,0.9984099048821744,1188.5
2019-08-05,905.12,1216.33,1327.3,1451.68,1121.4,11816.8,1.000237464332357,1194.8
2019-08-06,917.4,1246.77,1361.09,1472.76,1146.83,11480.9,0.9987584400581229,1211.8
2019-08-07,914.07,1244.67,1360.26,1477.5,1141.63,12013.9,1.0018426900407604,1214.3
2019-08-08,912.88,1245.07,1360.54,1475.31,1143.44,12191.6,1.0024029934821428,1214.5
2019-08-09,915.5,1243.7,1355.08,1470.4,1144.73,12089.8,1.0042514082113034,1211.3
2019-08-12,915.43,1244.16,1355.17,1455.09,1146.04,11394.2,0.999915629519894,1209.7
2019-08-13,918.37,1254.23,1363.36,1468.38,1154.91,10892.9,0.9983334691863212,1215.6
2019-08-14,922.01,1248.62,1361.94,1469.93,1142.84,10049.4,0.999179455509556,1218.9
2019-08-16,910.06,1240.61,1346.32,1464.7,1141.55,10335.6,1.002600599083709,1211.7
2019-08-19,914.42,1239.26,1345.97,1475.01,1139.68,10910.7,0.999398565984434,1213.3
2019-08-20,908.39,1233.58,1341.82,1468.09,1135.69,10752.6,1.002033458309176,1210.7
2019-08-21,908.52,1237.36,1343.14,1472.21,1138.9,10141.5,0.9982869529178504,1210.2
2019-08-22,906.42,1225.94,1335.36,1460.45,1129.4,10105.0,1.0020396191519922,1204.0
2019-08-23,906.16,1225.19,1335.43,1476.31,1131.92,10388.7,1.0021971743846174,1205.1
2019-08-26,910.47,1245.71,1351.24,1486.88,1155.08,10371.8,1.0002342343152602,1212.2
2019-08-27,919.26,1244.2,1352.14,1489.01,1148.11,10184.8,0.9978417011067994,1218.2
2019-08-28,913.17,1236.03,1345.51,1490.35,1146.87,9729.4,0.9992215926113353,1213.1
2019-08-29,911.79,1236.44,1345.1,1482.78,1144.33,9491.0,1.0005723961738644,1213.5
2019-08-30,914.41,1231.7,1343.83,1480.72,1140.66,9585.4,0.9995395592938376,1215.2
2019-09-02,908.24,1222.56,1329.59,1471.24,1139.57,10348.8,1.0001351631964956,1209.6
2019-09-03,909.22,1223.21,1328.91,1461.85,1141.2,10612.3,0.999702164783878,1211.9
2019-09-04,910.88,1230.89,1333.14,1468.99,1146.74,10568.2,0.998835555974967,1215.2
2019-09-05,914.74,1233.19,1335.02,1482.06,1137.47,10566.9,1.0010655977400178,1209.7
2019-09-06,906.8,1216.88,1323.82,1478.69,1120.96,10309.3,1.0002142082199377,1199.6
2019-09-09,908.77,1211.25,1319.46,1470.63,1119.49,10309.0,1.0016003515353906,1196.9
2019-09-10,905.67,1201.96,1317.54,1472.08,1112.0,10105.4,0.9998662287946876,1192.4
2019-09-11,906.56,1202.18,1316.75,1472.65,1108.59,10162.5,1.0011188784072622,1191.9
2019-09-16,901.41,1206.36,1320.19,1489.07,1105.14,10255.5,1.0003674620856289,1191.4
2019-09-17,894.33,1192.17,1302.93,1471.59,1095.13,10195.7,0.999479668461494,1184.0
2019-09-18,897.0,1196.8,1315.51,1485.43,1099.16,10164.7,1.000712225223592,1188.3
2019-09-19,895.45,1194.08,1312.82,1485.21,1098.15,10250.5,0.9988001042444428,1190.5
2019-09-20,901.55,1203.95,1320.05,1496.68,1106.22,10172.7,1.0019596165033744,1195.1
2019-09-23,897.45,1201.49,1312.41,1485.42,1106.46,9702.2,0.999663162836805,1191.1
2019-09-24,900.05,1205.64,1311.75,1483.56,1109.4,8513.9,0.9987353023794908,1193.1
2019-09-25,901.95,1211.26,1315.73,1491.49,1114.59,8432.4,1.0006302792799444,1194.0
2019-09-26,903.59,1208.63,1312.08,1480.8,1112.32,8063.8,1.0009089236080848,1198.3
2019-09-27,903.58,1206.76,1309.36,1477.95,1112.13,8184.9,1.001535607837503,1199.1
2019-09-30,907.57,1212.33,1314.64,1476.58,1113.4,8284.3,1.0003171684486885,1201.3
2019-10-01,905.53,1201.84,1306.95,1473.52,1109.7,8302.7,1.0017841474509104,1199.2
2019-10-02,906.32,1206.4,1309.81,1472.47,1112.17,8364.1,1.00306143414901,1198.2
2019-10-04,902.63,1205.69,1320.82,1484.94,1126.37,8148.1,1.0014521440470825,1203.7
2019-10-07,899.39,1203.62,1314.67,1476.02,1120.52,8198.6,1.00110837106308,1197.0
2019-10-08,899.12,1202.63,1312.74,1470.2,1115.51,8182.9,1.0003315020945058,1196.5
2019-10-10,895.38,1203.85,1312.68,1459.15,1115.55,8562.3,1.0011188634356247,1194.7
2019-10-11,899.9,1200.6,1316.61,1486.81,1108.48,8267.8,1.001060820861652,1196.1
2019-10-14,901.16,1191.44,1311.86,1502.74,1096.13,8353.3,1.001339084496785,1189.3
2019-10-15,894.68,1186.61,1305.33,1492.05,1092.13,8167.2,1.0003875909379374,1183.7
2019-10-16,896.94,1185.4,1306.36,1511.03,1087.93,8000.4,1.000355860121737,1184.1
2019-10-17,899.14,1193.62,1314.66,1522.15,1091.75,8073.3,1.0004139085519368,1187.0
2019-10-18,903.18,1201.62,1320.15,1527.39,1092.99,7948.5,1.0010437709644509,1186.6
2019-10-21,899.02,1198.78,1317.14,1523.67,1089.42,8208.2,1.0012063680521055,1180.5
2019-10-22,897.97,1191.91,1310.51,1523.73,1082.32,8031.4,1.0020296944114624,1175.4
2019-10-23,894.54,1184.01,1303.53,1509.35,1079.68,7477.0,1.001322279501081,1171.4
2019-10-24,897.84,1184.96,1306.68,1516.01,1080.11,7422.7,1.0018123808058974,1173.7
2019-10-25,895.77,1180.09,1300.1,1503.33,1078.02,8658.3,1.0011494741582083,1171.0
2019-10-28,899.08,1180.63,1301.37,1506.62,1080.27,9207.2,0.9980147258164233,1174.2
2019-10-29,895.8,1175.71,1298.08,1503.64,1073.32,9411.3,0.9991421125876376,1169.6
2019-10-30,891.31,1173.36,1296.45,1500.64,1071.51,9157.9,1.0000544185692,1166.5
2019-10-31,887.88,1181.34,1303.17,1507.82,1074.05,9152.6,1.0003854722476593,1168.4
2019-11-01,882.58,1177.42,1295.47,1502.72,1075.5,9230.1,0.9998062380834549,1161.7
2019-11-04,888.38,1184.36,1303.63,1510.64,1078.86,9396.4,1.0005672922455155,1167.6
2019-11-05,882.13,1174.61,1291.06,1495.0,1068.51,9310.8,1.001498194672765,1160.4
2019-11-06,882.04,1168.57,1284.64,1494.73,1062.7,9338.9,0.9993773387056414,1160.1
2019-11-07,877.86,1166.19,1281.24,1488.2,1062.51,9223.5,0.9999982450839296,1157.5
2019-11-08,881.08,1166.55,1282.52,1487.25,1062.09,8778.2,1.000275803384353,1160.6
2019-11-11,874.01,1158.94,1274.08,1478.77,1058.46,8736.9,1.0000709158468637,1156.1
2019-11-12,877.61,1169.19,1281.38,1492.68,1064.88,8812.6,0.9994984745910022,1161.3
2019-11-13,879.27,1171.82,1281.25,1494.98,1067.68,8783.1,1.0012810737573243,1163.5
2019-11-14,881.04,1179.81,1285.41,1500.83,1073.41,8661.2,0.998931914108456,1167.6
2019-11-15,883.62,1184.44,1289.96,1507.77,1079.75,8476.3,0.999099658675007,1170.4
2019-11-18,882.12,1178.62,1289.05,1506.86,1072.61,8208.4,1.0011515104296584,1166.3
2019-11-19,881.86,1176.92,1289.39,1508.14,1071.45,8145.7,1.000052818274053,1164.5
2019-11-20,880.83,1180.11,1294.52,1510.71,1077.8,8099.3,1.000323876977184,1168.6
2019-11-21,879.25,1181.32,1296.18,1512.41,1078.53,7627.9,1.0002618157872445,1170.1
2019-11-22,885.99,1184.91,1301.44,1519.27,1083.43,7272.5,1.0009951736422351,1176.5
2019-11-25,885.6,1180.34,1298.11,1512.94,1083.48,7115.6,0.999942842993108,1177.8
2019-11-26,884.19,1180.15,1295.29,1517.36,1079.73,7162.8,1.000705800501835,1176.2
2019-11-27,884.67,1177.28,1294.48,1510.63,1076.79,7510.6,0.9999485286789072,1174.4
2019-11-28,885.08,1177.65,1294.13,1521.45,1075.3,7426.7,0.998244420703041,1176.0
2019-11-29,888.16,1180.95,1298.47,1522.71,1076.89,7742.7,1.0006535204615121,1179.3
2019-12-02,888.58,1180.12,1300.51,1524.24,1077.75,7298.2,1.0002093004473342,1180.3
2019-12-03,887.02,1190.88,1307.47,1527.61,1082.69,7291.8,1.0002549158963725,1180.4
2019-12-04,892.42,1201.52,1314.61,1541.82,1091.81,7204.4,0.9987696152104908,1186.2
2019-12-05,904.66,1207.47,1322.62,1564.7,1096.6,7399.2,0.9999583373382892,1193.7
2019-12-06,903.07,1205.69,1321.78,1566.24,1094.49,7530.8,1.000548821623725,1190.2
2019-12-09,897.55,1201.54,1315.75,1562.79,1095.49,7355.8,0.9985465733206084,1189.7
2019-12-10,898.16,1203.93,1315.9,1563.1,1095.37,7235.7,0.9999542909648028,1189.3
2019-12-11,900.78,1210.77,1322.46,1563.78,1095.74,7208.0,0.9993802096715084,1192.0
2019-12-12,905.76,1214.43,1328.5,1574.8,1099.36,7208.0,0.9988702885367741,1193.3
2019-12-13,903.4,1206.95,1329.57,1599.62,1085.23,7255.2,0.9991840897381956,1188.6
2019-12-16,889.03,1191.18,1303.87,1563.99,1071.46,6903.5,0.999223560397464,1171.7
2019-12-17,890.99,1193.0,1306.49,1558.67,1070.16,6613.3,0.9998949640846924,1172.9
2019-12-18,886.52,1190.57,1301.16,1531.94,1065.33,7276.0,1.0000871620707397,1166.7
2019-12-19,888.52,1188.96,1295.29,1524.68,1063.57,7165.5,1.0008635737278766,1165.3
2019-12-20,887.14,1190.39,1295.39,1515.25,1064.78,7196.4,1.0006703909825112,1164.5
2019-12-23,884.48,1183.37,1288.04,1512.19,1061.98,7322.8,1.001864838358478,1162.6
2019-12-24,884.48,1183.37,1288.04,1512.19,1061.98,7268.3,0.9993223782086176,1161.7
2019-12-26,884.4,1187.81,1290.78,1509.14,1063.76,7210.9,1.0003440234309835,1163.7
2019-12-27,885.8,1183.57,1288.82,1509.44,1059.92,7261.7,1.0000682485614625,1161.2
2019-12-30,887.98,1192.07,1298.06,1519.04,1060.72,7261.8,0.9997349272307968,1160.9
2019-12-31,886.56,1195.52,1297.43,1518.69,1063.47,7196.4,0.9982717445626856,1157.8
2020-01-02,892.19,1197.31,1299.11,1535.13,1065.67,6967.0,0.999507821326192,1157.8
2020-01-03,890.88,1190.84,1292.66,1520.46,1065.53,7343.1,0.9999832025083374,1156.9
2020-01-06,895.38,1197.06,1298.15,1520.11,1078.42,7759.1,0.999073171867019,1162.7
2020-01-07,902.47,1208.33,1309.54,1540.77,1079.02,8155.7,0.9981827866429676,1169.6
2020-01-08,895.94,1201.15,1299.25,1528.35,1074.95,8059.6,0.997681336691834,1165.3
2020-01-09,900.63,1205.87,1304.25,1538.36,1076.12,7842.4,0.9965366815334304,1174.1
2020-01-10,888.34,1192.13,1288.47,1516.0,1059.6,8187.1,0.9994794280889748,1160.0
2020-01-13,888.85,1192.89,1290.74,1514.48,1059.93,8111.4,1.0001681317462912,1161.1
2020-01-14,885.39,1190.52,1286.93,1501.25,1051.35,8829.2,0.9985525252321114,1155.7
2020-01-15,882.76,1191.96,1283.11,1501.34,1048.42,8818.3,0.998848852452953,1153.1
2020-01-16,888.45,1202.32,1292.24,1511.36,1054.37,8726.9,0.9994019362047668,1158.8
2020-01-17,889.03,1201.53,1291.39,1516.58,1052.32,8913.1,0.9983197260240368,1159.6
2020-01-20,886.92,1196.92,1285.05,1506.9,1051.83,8641.9,0.9969513273091032,1158.8
2020-01-21,888.24,1196.55,1285.57,1507.37,1051.78,8732.6,0.998303032262566,1158.8
2020-01-22,890.95,1202.33,1291.01,1519.64,1059.97,8678.5,0.9977116739524656,1164.7
2020-01-23,886.78,1203.86,1292.74,1530.94,1060.87,8405.1,0.9985937010499812,1165.1
2020-01-28,884.81,1203.42,1286.2,1524.01,1071.37,9377.3,0.9973202677727651,1167.2
2020-01-29,893.84,1209.35,1296.84,1532.65,1078.3,9298.9,0.998579721622346,1176.7
2020-01-30,890.94,1208.01,1294.95,1530.8,1078.45,9507.3,0.9959188112476212,1176.0
2020-01-31,895.95,1220.8,1305.76,1549.02,1086.68,9349.1,1.0001071498625378,1183.5
